timeStamp,elapsed,label,responseCode,responseMessage,threadName,dataType,success,failureMessage,bytes,sentBytes,grpThreads,allThreads,URL,Latency,IdleTime,Connect
1719582102649,963,Demo_qa1,200,OK,Usuarios 1-1,text,true,,3827,240,8,8,https://demoqa.com/elements,377,0,192
1719582102649,377,Demo_qa1-0,301,Moved Permanently,Usuarios 1-1,text,true,,391,120,8,8,http://demoqa.com/elements,377,0,192
1719582103026,586,Demo_qa1-1,200,OK,Usuarios 1-1,text,true,,3436,120,8,8,https://demoqa.com/elements,586,0,393
1719582102782,1006,Demo_qa1,200,OK,Usuarios 1-2,text,true,,3827,240,9,9,https://demoqa.com/elements,391,0,195
1719582102782,391,Demo_qa1-0,301,Moved Permanently,Usuarios 1-2,text,true,,391,120,9,9,http://demoqa.com/elements,391,0,195
1719582103173,615,Demo_qa1-1,200,OK,Usuarios 1-2,text,true,,3436,120,9,9,https://demoqa.com/elements,615,0,416
1719582102916,957,Demo_qa1,200,OK,Usuarios 1-3,text,true,,3827,240,10,10,https://demoqa.com/elements,393,0,196
1719582102916,393,Demo_qa1-0,301,Moved Permanently,Usuarios 1-3,text,true,,391,120,10,10,http://demoqa.com/elements,393,0,196
1719582103309,564,Demo_qa1-1,200,OK,Usuarios 1-3,text,true,,3436,120,10,10,https://demoqa.com/elements,564,0,377
1719582103612,379,Demo_qa2,200,OK,Usuarios 1-1,text,true,,3824,234,11,11,https://demoqa.com/forms,186,0,0
1719582103612,186,Demo_qa2-0,301,Moved Permanently,Usuarios 1-1,text,true,,388,117,11,11,http://demoqa.com/forms,186,0,0
1719582103798,193,Demo_qa2-1,200,OK,Usuarios 1-1,text,true,,3436,117,11,11,https://demoqa.com/forms,193,0,0
1719582103047,951,Demo_qa1,200,OK,Usuarios 1-4,text,true,,3827,240,11,11,https://demoqa.com/elements,380,0,189
1719582103047,380,Demo_qa1-0,301,Moved Permanently,Usuarios 1-4,text,true,,391,120,11,11,http://demoqa.com/elements,380,0,189
1719582103427,571,Demo_qa1-1,200,OK,Usuarios 1-4,text,true,,3436,120,11,11,https://demoqa.com/elements,571,0,380
1719582103180,947,Demo_qa1,200,OK,Usuarios 1-5,text,true,,3827,240,12,12,https://demoqa.com/elements,362,0,180
1719582103180,362,Demo_qa1-0,301,Moved Permanently,Usuarios 1-5,text,true,,391,120,12,12,http://demoqa.com/elements,362,0,180
1719582103542,585,Demo_qa1-1,200,OK,Usuarios 1-5,text,true,,3436,120,12,12,https://demoqa.com/elements,585,0,392
1719582103788,404,Demo_qa2,200,OK,Usuarios 1-2,text,true,,3824,234,12,12,https://demoqa.com/forms,199,0,0
1719582103788,199,Demo_qa2-0,301,Moved Permanently,Usuarios 1-2,text,true,,388,117,12,12,http://demoqa.com/forms,199,0,0
1719582103987,205,Demo_qa2-1,200,OK,Usuarios 1-2,text,true,,3436,117,12,12,https://demoqa.com/forms,205,0,0
1719582103314,939,Demo_qa1,200,OK,Usuarios 1-6,text,true,,3827,240,13,13,https://demoqa.com/elements,379,0,187
1719582103314,379,Demo_qa1-0,301,Moved Permanently,Usuarios 1-6,text,true,,391,120,13,13,http://demoqa.com/elements,379,0,187
1719582103693,560,Demo_qa1-1,200,OK,Usuarios 1-6,text,true,,3436,120,13,13,https://demoqa.com/elements,560,0,373
1719582103873,383,Demo_qa2,200,OK,Usuarios 1-3,text,true,,3824,234,13,13,https://demoqa.com/forms,197,0,0
1719582103873,197,Demo_qa2-0,301,Moved Permanently,Usuarios 1-3,text,true,,388,117,13,13,http://demoqa.com/forms,197,0,0
1719582104070,186,Demo_qa2-1,200,OK,Usuarios 1-3,text,true,,3436,117,13,13,https://demoqa.com/forms,186,0,0
1719582103991,383,Demo_qa3,200,OK,Usuarios 1-1,text,true,,3832,250,13,13,https://demoqa.com/alertsWindows,188,0,0
1719582103991,188,Demo_qa3-0,301,Moved Permanently,Usuarios 1-1,text,true,,396,125,13,13,http://demoqa.com/alertsWindows,188,0,0
1719582104179,195,Demo_qa3-1,200,OK,Usuarios 1-1,text,true,,3436,125,13,13,https://demoqa.com/alertsWindows,195,0,0
1719582103998,388,Demo_qa2,200,OK,Usuarios 1-4,text,true,,3824,234,13,13,https://demoqa.com/forms,196,0,0
1719582103998,196,Demo_qa2-0,301,Moved Permanently,Usuarios 1-4,text,true,,388,117,13,13,http://demoqa.com/forms,196,0,0
1719582104194,192,Demo_qa2-1,200,OK,Usuarios 1-4,text,true,,3436,117,13,13,https://demoqa.com/forms,192,0,0
1719582103446,957,Demo_qa1,200,OK,Usuarios 1-7,text,true,,3827,240,13,13,https://demoqa.com/elements,373,0,185
1719582103446,373,Demo_qa1-0,301,Moved Permanently,Usuarios 1-7,text,true,,391,120,13,13,http://demoqa.com/elements,373,0,185
1719582103820,583,Demo_qa1-1,200,OK,Usuarios 1-7,text,true,,3436,120,13,13,https://demoqa.com/elements,583,0,389
1719582104127,376,Demo_qa2,200,OK,Usuarios 1-5,text,true,,3824,234,13,13,https://demoqa.com/forms,182,0,0
1719582104127,182,Demo_qa2-0,301,Moved Permanently,Usuarios 1-5,text,true,,388,117,13,13,http://demoqa.com/forms,182,0,0
1719582104310,193,Demo_qa2-1,200,OK,Usuarios 1-5,text,true,,3436,117,13,13,https://demoqa.com/forms,193,0,0
1719582103580,966,Demo_qa1,200,OK,Usuarios 1-8,text,true,,3827,240,14,14,https://demoqa.com/elements,383,0,189
1719582103580,383,Demo_qa1-0,301,Moved Permanently,Usuarios 1-8,text,true,,391,120,14,14,http://demoqa.com/elements,383,0,189
1719582103964,582,Demo_qa1-1,200,OK,Usuarios 1-8,text,true,,3436,120,14,14,https://demoqa.com/elements,582,0,385
1719582104192,394,Demo_qa3,200,OK,Usuarios 1-2,text,true,,3832,250,14,14,https://demoqa.com/alertsWindows,195,0,0
1719582104192,195,Demo_qa3-0,301,Moved Permanently,Usuarios 1-2,text,true,,396,125,14,14,http://demoqa.com/alertsWindows,195,0,0
1719582104387,199,Demo_qa3-1,200,OK,Usuarios 1-2,text,true,,3436,125,14,14,https://demoqa.com/alertsWindows,199,0,0
1719582104253,379,Demo_qa2,200,OK,Usuarios 1-6,text,true,,3824,234,13,13,https://demoqa.com/forms,190,0,0
1719582104253,190,Demo_qa2-0,301,Moved Permanently,Usuarios 1-6,text,true,,388,117,13,13,http://demoqa.com/forms,190,0,0
1719582104443,189,Demo_qa2-1,200,OK,Usuarios 1-6,text,true,,3436,117,13,13,https://demoqa.com/forms,189,0,0
1719582104256,396,Demo_qa3,200,OK,Usuarios 1-3,text,true,,3832,250,13,13,https://demoqa.com/alertsWindows,198,0,0
1719582104256,198,Demo_qa3-0,301,Moved Permanently,Usuarios 1-3,text,true,,396,125,13,13,http://demoqa.com/alertsWindows,198,0,0
1719582104454,198,Demo_qa3-1,200,OK,Usuarios 1-3,text,true,,3436,125,13,13,https://demoqa.com/alertsWindows,198,0,0
1719582103713,977,Demo_qa1,200,OK,Usuarios 1-9,text,true,,3827,240,12,12,https://demoqa.com/elements,392,0,195
1719582103713,392,Demo_qa1-0,301,Moved Permanently,Usuarios 1-9,text,true,,391,120,12,12,http://demoqa.com/elements,392,0,195
1719582104106,584,Demo_qa1-1,200,OK,Usuarios 1-9,text,true,,3436,120,12,12,https://demoqa.com/elements,584,0,385
1719582104386,401,Demo_qa3,200,OK,Usuarios 1-4,text,true,,3832,250,12,12,https://demoqa.com/alertsWindows,189,0,0
1719582104386,189,Demo_qa3-0,301,Moved Permanently,Usuarios 1-4,text,true,,396,125,12,12,http://demoqa.com/alertsWindows,189,0,0
1719582104575,212,Demo_qa3-1,200,OK,Usuarios 1-4,text,true,,3436,125,12,12,https://demoqa.com/alertsWindows,212,0,0
1719582104403,385,Demo_qa2,200,OK,Usuarios 1-7,text,true,,3824,234,12,12,https://demoqa.com/forms,190,0,0
1719582104403,190,Demo_qa2-0,301,Moved Permanently,Usuarios 1-7,text,true,,388,117,12,12,http://demoqa.com/forms,190,0,0
1719582104593,195,Demo_qa2-1,200,OK,Usuarios 1-7,text,true,,3436,117,12,12,https://demoqa.com/forms,195,0,0
1719582103846,994,Demo_qa1,200,OK,Usuarios 1-10,text,true,,3827,240,11,11,https://demoqa.com/elements,391,0,193
1719582103846,391,Demo_qa1-0,301,Moved Permanently,Usuarios 1-10,text,true,,391,120,11,11,http://demoqa.com/elements,391,0,193
1719582104238,602,Demo_qa1-1,200,OK,Usuarios 1-10,text,true,,3436,120,11,11,https://demoqa.com/elements,602,0,394
1719582104503,386,Demo_qa3,200,OK,Usuarios 1-5,text,true,,3832,250,11,11,https://demoqa.com/alertsWindows,187,0,0
1719582104503,187,Demo_qa3-0,301,Moved Permanently,Usuarios 1-5,text,true,,396,125,11,11,http://demoqa.com/alertsWindows,187,0,0
1719582104690,199,Demo_qa3-1,200,OK,Usuarios 1-5,text,true,,3436,125,11,11,https://demoqa.com/alertsWindows,199,0,0
1719582103979,997,Demo_qa1,200,OK,Usuarios 1-11,text,true,,3827,240,10,10,https://demoqa.com/elements,392,0,195
1719582103979,392,Demo_qa1-0,301,Moved Permanently,Usuarios 1-11,text,true,,391,120,10,10,http://demoqa.com/elements,392,0,195
1719582104371,605,Demo_qa1-1,200,OK,Usuarios 1-11,text,true,,3436,120,10,10,https://demoqa.com/elements,605,0,405
1719582104632,386,Demo_qa3,200,OK,Usuarios 1-6,text,true,,3832,250,10,10,https://demoqa.com/alertsWindows,200,0,0
1719582104632,200,Demo_qa3-0,301,Moved Permanently,Usuarios 1-6,text,true,,396,125,10,10,http://demoqa.com/alertsWindows,200,0,0
1719582104832,186,Demo_qa3-1,200,OK,Usuarios 1-6,text,true,,3436,125,10,10,https://demoqa.com/alertsWindows,186,0,0
1719582104690,395,Demo_qa2,200,OK,Usuarios 1-9,text,true,,3824,234,9,9,https://demoqa.com/forms,201,0,0
1719582104690,201,Demo_qa2-0,301,Moved Permanently,Usuarios 1-9,text,true,,388,117,9,9,http://demoqa.com/forms,201,0,0
1719582104891,194,Demo_qa2-1,200,OK,Usuarios 1-9,text,true,,3436,117,9,9,https://demoqa.com/forms,194,0,0
1719582104111,983,Demo_qa1,200,OK,Usuarios 1-12,text,true,,3827,240,9,9,https://demoqa.com/elements,372,0,185
1719582104111,372,Demo_qa1-0,301,Moved Permanently,Usuarios 1-12,text,true,,391,120,9,9,http://demoqa.com/elements,372,0,185
1719582104483,611,Demo_qa1-1,200,OK,Usuarios 1-12,text,true,,3436,120,9,9,https://demoqa.com/elements,611,0,409
1719582104788,379,Demo_qa3,200,OK,Usuarios 1-7,text,true,,3832,250,9,9,https://demoqa.com/alertsWindows,186,0,0
1719582104788,186,Demo_qa3-0,301,Moved Permanently,Usuarios 1-7,text,true,,396,125,9,9,http://demoqa.com/alertsWindows,186,0,0
1719582104974,193,Demo_qa3-1,200,OK,Usuarios 1-7,text,true,,3436,125,9,9,https://demoqa.com/alertsWindows,193,0,0
1719582104245,943,Demo_qa1,200,OK,Usuarios 1-13,text,true,,3827,240,8,8,https://demoqa.com/elements,362,0,181
1719582104245,362,Demo_qa1-0,301,Moved Permanently,Usuarios 1-13,text,true,,391,120,8,8,http://demoqa.com/elements,362,0,181
1719582104607,581,Demo_qa1-1,200,OK,Usuarios 1-13,text,true,,3436,120,8,8,https://demoqa.com/elements,581,0,389
1719582104840,415,Demo_qa2,200,OK,Usuarios 1-10,text,true,,3824,234,8,8,https://demoqa.com/forms,218,0,0
1719582104840,218,Demo_qa2-0,301,Moved Permanently,Usuarios 1-10,text,true,,388,117,8,8,http://demoqa.com/forms,218,0,0
1719582105058,197,Demo_qa2-1,200,OK,Usuarios 1-10,text,true,,3436,117,8,8,https://demoqa.com/forms,197,0,0
1719582104977,390,Demo_qa2,200,OK,Usuarios 1-11,text,true,,3824,234,8,8,https://demoqa.com/forms,195,0,0
1719582104977,195,Demo_qa2-0,301,Moved Permanently,Usuarios 1-11,text,true,,388,117,8,8,http://demoqa.com/forms,195,0,0
1719582105172,195,Demo_qa2-1,200,OK,Usuarios 1-11,text,true,,3436,117,8,8,https://demoqa.com/forms,195,0,0
1719582104377,990,Demo_qa1,200,OK,Usuarios 1-14,text,true,,3827,240,8,8,https://demoqa.com/elements,395,0,186
1719582104377,395,Demo_qa1-0,301,Moved Permanently,Usuarios 1-14,text,true,,391,120,8,8,http://demoqa.com/elements,395,0,186
1719582104772,595,Demo_qa1-1,200,OK,Usuarios 1-14,text,true,,3436,120,8,8,https://demoqa.com/elements,595,0,400
1719582104546,874,Demo_qa2,200,OK,Usuarios 1-8,text,true,,3824,234,8,8,https://demoqa.com/forms,686,0,0
1719582104546,686,Demo_qa2-0,301,Moved Permanently,Usuarios 1-8,text,true,,388,117,8,8,http://demoqa.com/forms,686,0,0
1719582105232,188,Demo_qa2-1,200,OK,Usuarios 1-8,text,true,,3436,117,8,8,https://demoqa.com/forms,188,0,0
1719582104510,957,Demo_qa1,200,OK,Usuarios 1-15,text,true,,3827,240,8,8,https://demoqa.com/elements,388,0,199
1719582104510,388,Demo_qa1-0,301,Moved Permanently,Usuarios 1-15,text,true,,391,120,8,8,http://demoqa.com/elements,388,0,199
1719582104898,569,Demo_qa1-1,200,OK,Usuarios 1-15,text,true,,3436,120,8,8,https://demoqa.com/elements,569,0,378
1719582105085,387,Demo_qa3,200,OK,Usuarios 1-9,text,true,,3832,250,8,8,https://demoqa.com/alertsWindows,197,0,0
1719582105085,197,Demo_qa3-0,301,Moved Permanently,Usuarios 1-9,text,true,,396,125,8,8,http://demoqa.com/alertsWindows,197,0,0
1719582105282,190,Demo_qa3-1,200,OK,Usuarios 1-9,text,true,,3436,125,8,8,https://demoqa.com/alertsWindows,190,0,0
1719582105094,391,Demo_qa2,200,OK,Usuarios 1-12,text,true,,3824,234,7,7,https://demoqa.com/forms,188,0,0
1719582105094,188,Demo_qa2-0,301,Moved Permanently,Usuarios 1-12,text,true,,388,117,7,7,http://demoqa.com/forms,188,0,0
1719582105282,203,Demo_qa2-1,200,OK,Usuarios 1-12,text,true,,3436,117,7,7,https://demoqa.com/forms,203,0,0
1719582105188,376,Demo_qa2,200,OK,Usuarios 1-13,text,true,,3824,234,7,7,https://demoqa.com/forms,182,0,0
1719582105188,182,Demo_qa2-0,301,Moved Permanently,Usuarios 1-13,text,true,,388,117,7,7,http://demoqa.com/forms,182,0,0
1719582105370,194,Demo_qa2-1,200,OK,Usuarios 1-13,text,true,,3436,117,7,7,https://demoqa.com/forms,194,0,0
1719582105255,393,Demo_qa3,200,OK,Usuarios 1-10,text,true,,3832,250,7,7,https://demoqa.com/alertsWindows,196,0,0
1719582105255,196,Demo_qa3-0,301,Moved Permanently,Usuarios 1-10,text,true,,396,125,7,7,http://demoqa.com/alertsWindows,196,0,0
1719582105451,197,Demo_qa3-1,200,OK,Usuarios 1-10,text,true,,3436,125,7,7,https://demoqa.com/alertsWindows,197,0,0
1719582105367,384,Demo_qa2,200,OK,Usuarios 1-14,text,true,,3824,234,6,6,https://demoqa.com/forms,189,0,0
1719582105367,189,Demo_qa2-0,301,Moved Permanently,Usuarios 1-14,text,true,,388,117,6,6,http://demoqa.com/forms,189,0,0
1719582105556,195,Demo_qa2-1,200,OK,Usuarios 1-14,text,true,,3436,117,6,6,https://demoqa.com/forms,195,0,0
1719582105367,391,Demo_qa3,200,OK,Usuarios 1-11,text,true,,3832,250,6,6,https://demoqa.com/alertsWindows,199,0,0
1719582105367,199,Demo_qa3-0,301,Moved Permanently,Usuarios 1-11,text,true,,396,125,6,6,http://demoqa.com/alertsWindows,199,0,0
1719582105566,192,Demo_qa3-1,200,OK,Usuarios 1-11,text,true,,3436,125,6,6,https://demoqa.com/alertsWindows,192,0,0
1719582105420,377,Demo_qa3,200,OK,Usuarios 1-8,text,true,,3832,250,5,5,https://demoqa.com/alertsWindows,189,0,0
1719582105420,189,Demo_qa3-0,301,Moved Permanently,Usuarios 1-8,text,true,,396,125,5,5,http://demoqa.com/alertsWindows,189,0,0
1719582105609,188,Demo_qa3-1,200,OK,Usuarios 1-8,text,true,,3436,125,5,5,https://demoqa.com/alertsWindows,188,0,0
1719582105467,375,Demo_qa2,200,OK,Usuarios 1-15,text,true,,3824,234,4,4,https://demoqa.com/forms,185,0,0
1719582105467,185,Demo_qa2-0,301,Moved Permanently,Usuarios 1-15,text,true,,388,117,4,4,http://demoqa.com/forms,185,0,0
1719582105652,190,Demo_qa2-1,200,OK,Usuarios 1-15,text,true,,3436,117,4,4,https://demoqa.com/forms,190,0,0
1719582105485,385,Demo_qa3,200,OK,Usuarios 1-12,text,true,,3832,250,4,4,https://demoqa.com/alertsWindows,186,0,0
1719582105485,186,Demo_qa3-0,301,Moved Permanently,Usuarios 1-12,text,true,,396,125,4,4,http://demoqa.com/alertsWindows,186,0,0
1719582105671,199,Demo_qa3-1,200,OK,Usuarios 1-12,text,true,,3436,125,4,4,https://demoqa.com/alertsWindows,199,0,0
1719582105565,374,Demo_qa3,200,OK,Usuarios 1-13,text,true,,3832,250,3,3,https://demoqa.com/alertsWindows,182,0,0
1719582105565,182,Demo_qa3-0,301,Moved Permanently,Usuarios 1-13,text,true,,396,125,3,3,http://demoqa.com/alertsWindows,182,0,0
1719582105747,192,Demo_qa3-1,200,OK,Usuarios 1-13,text,true,,3436,125,3,3,https://demoqa.com/alertsWindows,192,0,0
1719582105751,383,Demo_qa3,200,OK,Usuarios 1-14,text,true,,3832,250,2,2,https://demoqa.com/alertsWindows,187,0,0
1719582105751,187,Demo_qa3-0,301,Moved Permanently,Usuarios 1-14,text,true,,396,125,2,2,http://demoqa.com/alertsWindows,187,0,0
1719582105938,196,Demo_qa3-1,200,OK,Usuarios 1-14,text,true,,3436,125,2,2,https://demoqa.com/alertsWindows,196,0,0
1719582105842,373,Demo_qa3,200,OK,Usuarios 1-15,text,true,,3832,250,1,1,https://demoqa.com/alertsWindows,184,0,0
1719582105842,184,Demo_qa3-0,301,Moved Permanently,Usuarios 1-15,text,true,,396,125,1,1,http://demoqa.com/alertsWindows,184,0,0
1719582106026,189,Demo_qa3-1,200,OK,Usuarios 1-15,text,true,,3436,125,1,1,https://demoqa.com/alertsWindows,189,0,0
